Label,# Samples,Average,Median,90% Line,95% Line,99% Line,Min,Max,Error %,Throughput,Received KB/sec,Sent KB/sec
聊天API请求,246,15585,18332,23411,23606,27045,281,29801,20.325%,2.69622,2.53,0.76
TOTAL,246,15585,18332,23411,23606,27045,281,29801,20.325%,2.69622,2.53,0.76
